baldymovingx2;9;80
bat-cutx1;1;38,51,11.934000968933105/42,48,0/41,50,0/34,55,23.867000579833984/30,56,21.878000259399414/28,60,39.77900314331055/30,54,25.856000900268555/32,48,0/33,43,344.0880126953125/