baldymovingx2;9;80
coin;1;537,318,0/4,1,0/4,1,0/4,1,0/4,1,0/4,1,0/4,1,0/4,1,0/4,1,0/
Fedora_hat.svg;0.5;27,12,348.0660095214844/27,14,350.0550231933594/26,12,350.0550231933594/28,12,354.03302001953125/26,13,352.04400634765625/26,13,0/27,12,0/27,11,0/27,9,0/
bat-cutx1;1;38,51,11.934000968933105/42,48,0/41,50,0/34,55,23.867000579833984/30,56,21.878000259399414/28,60,39.77900314331055/30,54,25.856000900268555/32,48,0/33,43,344.0880126953125/