WalkingManSpriteSheet;8;200
bat-cutx2;1;27,155,9.260000228881836/93,70,333.3760070800781/81,51,288.23101806640625/103,63,284.7590026855469/110,142,20.836000442504883/95,138,35.884002685546875/97,155,56.720001220703125/97,182,77.5560073852539/
Army_Helmet;0.67700005;-9,-8,0/23,-13,0/48,-1,0/59,19,0/72,2,0/98,-12,0/117,5,0/140,28,0/